county,sub_county,admin_area,population,number_of_households,average_household_size,constituency,adm1_pcode,adm2_pcode,fo,sub_county_pcode,age_0_4,age_5_9,age_10_14,age_15_17
Mombasa,Changamwe,SubCounty,130541,46614,2.8,Changamwe,KE001,KE001001,NA,KEN_1_101,14775,13318,11943,5773
Mombasa,Jomvu,SubCounty,162760,53472,3,Jomvu,KE001,KE001002,NA,KEN_1_102,21156,18957,16728,7564
Mombasa,Kisauni,SubCounty,287131,88202,3.3,Kisauni,KE001,KE001003,NA,KEN_1_103,37972,33008,29343,14610
Mombasa,Likoni,SubCounty,249230,81191,3.1,Likoni,KE001,KE001005,NA,KEN_1_104,33633,28202,23882,11987
Mombasa,Mvita,SubCounty,147983,38995,3.8,Mvita,KE001,KE001006,NA,KEN_1_105,15502,14719,14263,8355
Mombasa,Nyali,SubCounty,213342,69948,3.1,Nyali,KE001,KE001004,NA,KEN_1_106,24865,21782,19265,9769
Kwale,Kinango,SubCounty,93789,16043,5.8,Kinango,KE002,KE002010,Nairobi,KEN_2_201,16100,16309,15105,7217
Kwale,Lungalunga,SubCounty,198195,37366,5.3,Lunga Lunga,KE002,KE002008,Nairobi,KEN_2_202,31658,32870,31037,14608
Kwale,Matuga,SubCounty,192999,39231,4.9,Matuga,KE002,KE002009,Nairobi,KEN_2_203,26411,27689,27495,14126
Kwale,Msambweni,SubCounty,173213,45466,3.8,Msambweni,KE002,KE002007,Nairobi,KEN_2_204,22721,21880,20590,10640
Kwale,Samburu-Kwale,SubCounty,200552,35070,5.7,Kinango,KE002,KE002010,Nairobi,KEN_2_205,33400,32994,31062,14483
Kilifi,Chonyi,SubCounty,62318,11421,5.5,Chonyi,KE003,KE003012,Nairobi,KEN_3_301,8702,9783,9920,5264
Kilifi,Ganze,SubCounty,143590,23258,6.2,Ganze,KE003,KE003015,Nairobi,KEN_3_302,21843,23459,23833,12568
Kilifi,Kaloleni,SubCounty,192905,36355,5.3,Kaloleni,KE003,KE003013,Nairobi,KEN_3_303,27665,28791,29214,14768
Kilifi,Kauma,SubCounty,22613,3479,6.5,Kauma,KE003,KE003015,Nairobi,KEN_3_304,3031,3381,3639,2002
Kilifi,Kilifi North,SubCounty,177527,39512,4.5,Kilifi North,KE003,KE003011,Nairobi,KEN_3_305,24248,23527,23767,12430
Kilifi,Kilifi South,SubCounty,203891,53074,3.8,Kilifi South,KE003,KE003012,Nairobi,KEN_3_306,26702,26278,25292,13386
Kilifi,Magarini,SubCounty,190644,33017,5.8,Magarini,KE003,KE003017,Nairobi,KEN_3_307,28535,30711,30699,15580
Kilifi,Malindi,SubCounty,326991,73547,4.4,Malindi,KE003,KE003016,Nairobi,KEN_3_308,44586,44176,43771,23302
Kilifi,Rabai,SubCounty,120479,24809,4.9,Rabai,KE003,KE003014,Nairobi,KEN_3_309,15519,16079,16637,8834
Tana River,Tana North,SubCounty,110293,22791,4.8,Tana North,KE004,KE004020,Garissa,KEN_4_402,19602,19359,16862,7518
Tana River,Tana Delta,SubCounty,116463,26886,4.3,Tana Delta,KE004,KE004018,Garissa,KEN_4_401,18403,18617,16530,7786
Tana River,Tana River,SubCounty,87954,18565,4.7,Tana River,KE004,KE004019,Garissa,KEN_4_403,15173,14993,13298,5783
Lamu,Lamu East,SubCounty,22212,5090,4.4,Lamu East,KE005,KE005021,NA,KEN_5_501,2789,2837,2815,1442
Lamu,Lamu West,SubCounty,119697,32873,3.6,Lamu West,KE005,KE005022,NA,KEN_5_502,15949,15909,15658,8063
Taita Taveta,Mwatate,SubCounty,81389,23698,3.4,Mwatate,KE006,KE006025,NA,KEN_6_601,8908,8876,9824,5449
Taita Taveta,Taita,SubCounty,55643,15094,3.7,Taita,KE006,KE006024,NA,KEN_6_602,5649,6007,6712,3704
Taita Taveta,Taveta,SubCounty,89319,24115,3.7,Taveta,KE006,KE006023,NA,KEN_6_603,10975,10539,11106,6074
Taita Taveta,Voi,SubCounty,109396,33522,3.3,Voi,KE006,KE006026,NA,KEN_6_604,13157,11941,12188,6817
Garissa,Balambala,SubCounty,31819,4337,7.3,Balambala,KE007,KE007028,Garissa,KEN_7_701,2167,4112,5501,3025
Garissa,Dadaab,SubCounty,183410,35793,5.1,Dadaab,KE007,KE007030,Garissa,KEN_7_702,23366,27224,27493,14888
Garissa,Fafi,SubCounty,133286,23671,5.6,Fafi,KE007,KE007031,Garissa,KEN_7_703,18019,20571,21100,12168
Garissa,Garissa,SubCounty,161951,30518,5.3,Garissa Township,KE007,KE007027,Garissa,KEN_7_704,23195,24733,24161,13735
Garissa,Hulugho,SubCounty,133746,20254,6.6,Hulugho,KE007,KE007031,Garissa,KEN_7_705,18078,24412,23463,13346
Garissa,Ijara,SubCounty,141418,18481,7.7,Ijara,KE007,KE007032,Garissa,KEN_7_706,19601,25417,26965,15869
Garissa,Lagdera,SubCounty,49852,8340,6,Lagdera,KE007,KE007029,Garissa,KEN_7_707,7190,8747,7980,3836
Wajir,Buna,SubCounty,48117,6480,7.4,Buna,KE008,KE008033,Garissa,KEN_8_801,7617,8458,8731,4285
Wajir,Eldas,SubCounty,88310,13892,6.4,Eldas,KE008,KE008037,Garissa,KEN_8_802,13690,16645,15924,6971
Wajir,Habaswein,SubCounty,173446,31292,5.5,Habasweine,KE008,KE008038,Garissa,KEN_8_803,28161,30077,27415,13906
Wajir,Tarbaj,SubCounty,56983,9378,6.1,Tarbaj,KE008,KE008035,Garissa,KEN_8_804,10608,10755,9609,4601
Wajir,Wajir East,SubCounty,109316,18674,5.9,Wajir East,KE008,KE008034,Garissa,KEN_8_805,15446,18120,18730,10316
Wajir,Wajir North,SubCounty,61867,10490,5.9,Wajir North,KE008,KE008033,Garissa,KEN_8_806,11454,11538,9906,4934
Wajir,Wajir South,SubCounty,116225,21364,5.4,Wajir South,KE008,KE008038,Garissa,KEN_8_807,16949,19209,18648,10204
Wajir,Wajir West,SubCounty,121038,16362,7.4,Wajir West,KE008,KE008036,Garissa,KEN_8_808,18902,22632,23415,12007
Mandera,Mandera West,SubCounty,97983,14274,6.9,Mandera West,KE009,KE009039,Garissa,KEN_9_901,20846,20245,16942,7091
Mandera,Banisa,SubCounty,152043,24285,6.3,Banissa,KE009,KE009040,Garissa,KEN_9_902,30867,30536,24800,9646
Mandera,Kutulo,SubCounty,71602,9446,7.6,Kutulo,KE009,KE009042,Garissa,KEN_9_903,14084,14011,12931,6034
Mandera,Lafey,SubCounty,83001,11597,7.2,Lafey,KE009,KE009044,Garissa,KEN_9_904,14999,14531,13938,8753
Mandera,Mandera Central,SubCounty,156623,21140,7.4,Mandera Central,KE009,KE009042,Garissa,KEN_9_905,29738,31907,27975,13872
Mandera,Mandera East,SubCounty,158586,25904,6.1,Mandera East,KE009,KE009043,Garissa,KEN_9_906,26227,26641,25358,13344
Mandera,Mandera North,SubCounty,142241,19117,7.4,Mandera North,KE009,KE009041,Garissa,KEN_9_907,24330,27288,27529,13313
Marsabit,Loiyangalani,SubCounty,35274,7774,4.5,Loyangalani,KE010,KE010048,Garissa,KEN_10_1001,6617,6442,5246,2144
Marsabit,Marsabit Central,SubCounty,78167,15849,4.9,Marsabit Central,KE010,KE010047,Garissa,KEN_10_1002,11595,11713,11376,6777
Marsabit,Marsabit North,SubCounty,49056,7521,6.5,Marsabit North,KE010,KE010046,Garissa,KEN_10_1003,6524,8058,7884,4617
Marsabit,Marsabit South,SubCounty,64937,11615,5.6,Marsabit South,KE010,KE010048,Garissa,KEN_10_1004,10066,11231,11011,4843
Marsabit,Moyale,SubCounty,108223,17709,6.1,Moyale,KE010,KE010045,Garissa,KEN_10_1005,18961,19098,17495,9753
Marsabit,North Horr,SubCounty,67154,9789,6.9,North Horr,KE010,KE010046,Garissa,KEN_10_1006,8383,10908,10885,6136
Marsabit,Sololo,SubCounty,44339,7238,6.1,Sololo,KE010,KE010045,Garissa,KEN_10_1007,7014,7766,7534,4026
Isiolo,Garbatulla,SubCounty,99730,18661,5.3,Garbatulla,KE011,KE011050,Garissa,KEN_11_1101,14482,16482,15903,8879
Isiolo,Isiolo,SubCounty,121061,29853,4.1,Isiolo,KE011,KE011049,Garissa,KEN_11_1102,17872,16671,15886,8480
Isiolo,Merti,SubCounty,47206,9558,4.9,Merti,KE011,KE011049,Garissa,KEN_11_1103,8263,7992,7125,3761
Meru,Buuri East,SubCounty,75943,23834,3.2,Buuri East,KE012,KE012057,NA,KEN_12_1201,7192,7381,8618,4886
Meru,Buuri West,SubCounty,80419,27973,2.9,Buuri West,KE012,KE012057,NA,KEN_12_1202,8438,8259,8770,4955
Meru,Igembe Central,SubCounty,219887,52031,4.2,Igembe Central,KE012,KE012052,NA,KEN_12_1203,27003,27921,30925,16519
Meru,Igembe North,SubCounty,168903,38871,4.3,Igembe North,KE012,KE012053,NA,KEN_12_1204,21296,22168,25734,13071
Meru,Igembe South,SubCounty,160851,43281,3.7,Igembe South,KE012,KE012051,NA,KEN_12_1205,19631,19217,20364,11022
Meru,Imenti North,SubCounty,173876,57668,3,Imenti North,KE012,KE012056,NA,KEN_12_1206,18235,16582,16814,9631
Meru,Imenti South,SubCounty,205487,64186,3.2,Imenti South,KE012,KE012059,NA,KEN_12_1207,19985,20034,21828,12041
Meru,Meru Central,SubCounty,133165,39595,3.4,Meru Central,KE012,KE012058,NA,KEN_12_1208,12825,13358,14757,8114
Meru,Tigania Central,SubCounty,104558,25039,4.2,Tigania Central,KE012,KE012055,NA,KEN_12_1209,12352,13431,15137,8068
Meru,Tigania East,SubCounty,72471,17185,4.2,Tigania East,KE012,KE012055,NA,KEN_12_1210,8521,9863,11749,5758
Meru,Tigania West,SubCounty,139312,36207,3.8,Tigania West,KE012,KE012054,NA,KEN_12_1211,14745,16818,20206,10761
Meru,Meru National Park*,SubCounty,317,207,1.5,Meru National Park,KE012,NA,NA,NA,NA,NA,NA,NA
Meru,Mt Kenya Forest*,SubCounty,446,283,1.6,Mt. Kenya Forest,KE012,NA,NA,NA,NA,NA,NA,NA
Tharaka-Nithi,Igambang'ombe,SubCounty,52802,14398,3.7,Igambang'ombe,KE013,KE013061,NA,KEN_13_1301,5831,6213,7099,3998
Tharaka-Nithi,Maara,SubCounty,114734,35041,3.3,Maara,KE013,KE013061,NA,KEN_13_1302,10627,11294,12460,7205
Tharaka-Nithi,Meru South,SubCounty,90520,28249,3.2,Meru South,KE013,KE013060,NA,KEN_13_1303,8903,8476,9701,5512
Tharaka-Nithi,Tharaka North,SubCounty,58252,13413,4.3,Tharaka North,KE013,KE013062,NA,KEN_13_1304,6794,8070,8584,4672
Tharaka-Nithi,Tharaka South,SubCounty,74824,18646,4,Tharaka South,KE013,KE013062,NA,KEN_13_1305,8190,9128,10271,6053
Tharaka-Nithi,Mt Kenya Forest*,SubCounty,171,113,1.5,Mt. Kenya Forest,KE013,NA,NA,NA,NA,NA,NA,NA
Embu,Embu East,SubCounty,129097,39678,3.3,Embu East,KE014,NA,NA,KEN_14_1401,12062,12141,13583,8319
Embu,Embu North,SubCounty,79465,24300,3.3,Embu North,KE014,NA,NA,KEN_14_1402,7340,7301,8076,5075
Embu,Embu West,SubCounty,124616,43153,2.9,Embu West,KE014,NA,NA,KEN_14_1403,12690,11240,11490,6861
Embu,Mbeere South,SubCounty,162918,46065,3.5,Mbeere South,KE014,KE014065,NA,KEN_14_1404,17242,17626,20255,12099
Embu,Mbeere North,SubCounty,108651,29528,3.7,Mbeere North,KE014,KE014066,NA,KEN_14_1405,12212,12561,14564,8112
Embu,Mt Kenya Forest*,SubCounty,22,19,1.2,Mt. Kenya Forest,KE014,NA,NA,NA,NA,NA,NA,NA
Kitui,Ikutha,SubCounty,82463,16679,4.9,Ikutha,KE015,KE015074,NA,KEN_15_1501,8683,11921,14332,8332
Kitui,Katulani,SubCounty,46913,12170,3.9,Katulani,KE015,KE015074,NA,KEN_15_1502,4413,4868,6788,4113
Kitui,Kisasi,SubCounty,46003,10866,4.2,Kisasi,KE015,KE015071,NA,KEN_15_1503,4772,5267,6896,4319
Kitui,Kitui Central,SubCounty,104128,29057,3.6,Kitui Central,KE015,KE015072,NA,KEN_15_1504,11308,11288,12667,7343
Kitui,Kitui West,SubCounty,70635,17497,4,Kitui West,KE015,KE015070,NA,KEN_15_1505,7562,8302,9890,5852
Kitui,Kyuso,SubCounty,76452,15993,4.8,Kyuso,KE015,NA,NA,KEN_15_1506,9534,10922,12592,6947
Kitui,Lower Yatta,SubCounty,62938,15454,4.1,Lower Yatta,KE015,NA,NA,KEN_15_1507,6307,7113,9564,5772
Kitui,Matinyani,SubCounty,47802,11513,4.2,Matinyani,KE015,NA,NA,KEN_15_1508,5067,5410,6478,3962
Kitui,Migwani,SubCounty,79066,19096,4.1,Migwani,KE015,KE015067,NA,KEN_15_1509,8859,9587,11450,6685
Kitui,Mumoni,SubCounty,29321,6496,4.5,Mumoni,KE015,NA,NA,KEN_15_1510,3544,4041,4986,2813
Kitui,Mutitu,SubCounty,55136,11521,4.8,Mutitu,KE015,NA,NA,KEN_15_1511,6523,7981,9533,5336
Kitui,Mutitu North,SubCounty,21128,4929,4.3,Mutitu North,KE015,NA,NA,KEN_15_1512,2228,2698,3354,1974
Kitui,Mutomo,SubCounty,112703,23044,4.9,Mutomo,KE015,NA,NA,KEN_15_1513,12673,15880,18777,11039
Kitui,Mwingi Central,SubCounty,107973,26753,4,Mwingi Central,KE015,NA,NA,KEN_15_1514,12616,13631,15605,9415
Kitui,Mwingi East,SubCounty,84973,18730,4.5,Mwingi East,KE015,KE015069,NA,KEN_15_1515,10296,12292,14566,8159
Kitui,Nzambani,SubCounty,46710,11276,4.1,Nzambani,KE015,NA,NA,KEN_15_1516,5094,5448,6741,3944
Kitui,Thagicu,SubCounty,15096,3289,4.6,Thagicu,KE015,NA,NA,KEN_15_1517,1840,2043,2502,1288
Kitui,Tseikuru,SubCounty,40694,8579,4.7,Tseikuru,KE015,NA,NA,KEN_15_1518,4871,5780,6725,3710
Machakos,Athi River,SubCounty,319526,109735,2.9,Athi River,KE016,KE016080,NA,KEN_16_1601,38237,31666,27999,14273
Machakos,Kalama,SubCounty,54408,14182,3.8,Kalama,KE016,KE016081,NA,KEN_16_1602,4983,5842,7163,4136
Machakos,Kangundo,SubCounty,97700,26142,3.7,Kangundo,KE016,KE016077,NA,KEN_16_1603,9037,10251,12145,6933
Machakos,Kathiani,SubCounty,111757,28730,3.9,Kathiani,KE016,KE016079,NA,KEN_16_1604,10852,12798,14835,8302
Machakos,Machakos,SubCounty,168255,50979,3.3,Machakos,KE016,KE016081,NA,KEN_16_1605,16989,16284,17013,9712
Machakos,Masinga,SubCounty,148181,36251,4.1,Masinga,KE016,KE016075,NA,KEN_16_1606,16024,17773,20858,12021
Machakos,Matungulu,SubCounty,161080,44454,3.6,Matungulu,KE016,KE016078,NA,KEN_16_1607,16372,17370,19927,11145
Machakos,Mwala,SubCounty,181671,45840,4,Mwala,KE016,KE016082,NA,KEN_16_1608,16791,19455,23520,14460
Machakos,Yatta,SubCounty,171444,46153,3.7,Yatta,KE016,KE016076,NA,KEN_16_1609,17573,19121,22755,13472
Makueni,Kathonzweni,SubCounty,79281,18365,4.3,Kathonzweni,KE017,KE017086,NA,KEN_17_1701,7546,8872,11350,7236
Makueni,Kibwezi,SubCounty,194004,47912,4,Kibwezi,KE017,KE017088,NA,KEN_17_1702,19764,23769,28974,17137
Makueni,Kilungu,SubCounty,60869,14586,4.2,Kilungu,KE017,KE017085,NA,KEN_17_1703,6047,7218,8917,5111
Makueni,Makindu,SubCounty,83391,21756,3.8,Makindu,KE017,KE017087,NA,KEN_17_1704,8555,9571,12023,6879
Makueni,Makueni,SubCounty,128880,34479,3.7,Makueni,KE017,KE017086,NA,KEN_17_1705,12484,13174,15953,9318
Makueni,Mbooni East,SubCounty,97523,23734,4.1,Mbooni East,KE017,KE017083,NA,KEN_17_1706,9320,10734,13227,8279
Makueni,Mbooni West,SubCounty,102292,24833,4.1,Mbooni West,KE017,KE017083,NA,KEN_17_1707,10083,11954,14657,8607
Makueni,Mukaa,SubCounty,106239,28185,3.8,Mukaa,KE017,KE017084,NA,KEN_17_1708,10313,11866,13614,7928
Makueni,Nzaui,SubCounty,124536,30819,4,Nzaui,KE017,KE017086,NA,KEN_17_1709,12313,14244,17678,10490
Nyandarua,Kinangop,SubCounty,111119,30970,3.6,Kinangop,KE018,KE018089,NA,KEN_18_1801,12449,13195,14632,8741
Nyandarua,Nyandarua South,SubCounty,93228,25822,3.6,Nyandarua South,KE018,NA,NA,KEN_18_1802,10240,10924,12288,7502
Nyandarua,Mirangine,SubCounty,67121,18816,3.6,Mirangine,KE018,NA,NA,KEN_18_1803,7511,8189,9144,5369
Nyandarua,Kipipiri,SubCounty,93698,25200,3.7,Kipipiri,KE018,KE018090,NA,KEN_18_1804,9942,11098,12976,8135
Nyandarua,Nyandarua Central,SubCounty,74835,21942,3.4,Nyandarua Central,KE018,NA,NA,KEN_18_1805,NA,NA,NA,NA
Nyandarua,Nyandarua West,SubCounty,97590,29008,3.4,Nyandarua West,KE018,NA,NA,KEN_18_1806,10698,11234,11732,7054
Nyandarua,Nyandarua North,SubCounty,98396,27917,3.5,Nyandarua North,KE018,NA,NA,KEN_18_1807,10517,11456,12660,7532
Nyandarua,Aberdare National Park*,SubCounty,15,11,1.4,Aberdare National Park,KE018,NA,NA,NA,NA,NA,NA,NA
Nyeri,Tetu,SubCounty,80283,24139,3.3,Tetu,KE019,KE019094,NA,KEN_19_1901,7401,8061,8143,5003
Nyeri,Kieni East,SubCounty,109624,36835,3,Kieni East,KE019,KE019095,NA,KEN_19_1902,11525,11594,11502,6915
Nyeri,Kieni West,SubCounty,88014,27619,3.2,Kieni West,KE019,KE019095,NA,KEN_19_1903,8768,9567,10176,6275
Nyeri,Mathira East,SubCounty,98425,35044,2.8,Mathira East,KE019,KE019096,NA,KEN_19_1904,9022,9120,9339,5671
Nyeri,Mathira West,SubCounty,59729,19020,3.1,Mathira West,KE019,KE019096,NA,KEN_19_1905,5377,5784,6240,3754
Nyeri,Nyeri South,SubCounty,90803,28228,3.2,Nyeri South,KE019,NA,NA,KEN_19_1906,8474,9042,9236,5781
Nyeri,Mukurwe-ini,SubCounty,88674,27040,3.3,Mukurwe-ini,KE019,KE019098,NA,KEN_19_1907,8052,9078,9516,5637
Nyeri,Nyeri Central,SubCounty,136849,49945,2.7,Nyeri Central,KE019,KE019099,NA,KEN_19_1908,14455,12816,12359,7288
Nyeri,Mt Kenya Forest*,SubCounty,188,101,1.9,Mt. Kenya Forest,KE019,NA,NA,NA,NA,NA,NA,NA
Nyeri,Aberdare Forest*,SubCounty,106,79,1.3,Aberdare Forest,KE019,NA,NA,NA,NA,NA,NA,NA
Kirinyaga,Kirinyaga Central,SubCounty,121419,40225,3,Kirinyaga Central,KE020,KE020103,NA,KEN_20_2001,11257,10733,11641,7492
Kirinyaga,Kirinyaga East,SubCounty,135085,44571,3,Kirinyaga East,KE020,KE020101,NA,KEN_20_2002,11954,12023,13302,8073
Kirinyaga,Kirinyaga West,SubCounty,114191,38309,3,Kirinyaga West,KE020,KE020102,NA,KEN_20_2003,10912,11293,11588,7088
Kirinyaga,Mwea East,SubCounty,130571,46340,2.8,Mwea East,KE020,KE020100,NA,KEN_20_2004,13390,12917,13112,7737
Kirinyaga,Mwea West,SubCounty,104327,34720,3,Mwea West,KE020,KE020100,NA,KEN_20_2005,9971,10318,11352,6906
Kirinyaga,Mt Kenya Forest*,SubCounty,37,23,1.6,Mt. Kenya Forest,KE020,NA,NA,NA,NA,NA,NA,NA
Murang'a,Murang'a East,SubCounty,108675,34734,3.1,Murang'a East,KE021,NA,NA,KEN_21_2101,11842,11153,11172,6755
Murang'a,Kangema,SubCounty,80189,25293,3.2,Kangema,KE021,KE021104,NA,KEN_21_2102,7740,8159,8408,5197
Murang'a,Mathioya,SubCounty,92656,28400,3.3,Mathioya,KE021,KE021105,NA,KEN_21_2103,9228,9869,10223,5885
Murang'a,Kahuro,SubCounty,88059,26930,3.3,Kahuro,KE021,NA,NA,KEN_21_2104,8148,9073,9652,5728
Murang'a,Murang'a South,SubCounty,184190,55998,3.3,Murang'a South,KE021,NA,NA,KEN_21_2105,20313,20636,21484,12285
Murang'a,Gatanga,SubCounty,187631,55461,3.4,Gatanga,KE021,KE021110,NA,KEN_21_2106,20292,20863,21818,12621
Murang'a,Kigumo,SubCounty,136827,40552,3.4,Kigumo,KE021,KE021107,NA,KEN_21_2107,14267,15375,15497,8697
Murang'a,Kandara,SubCounty,174789,50704,3.4,Kandara,KE021,KE021109,NA,KEN_21_2108,18682,19120,19502,11472
Murang'a,Aberdare Forest*,SubCounty,43,33,1.3,Aberdare Forest,KE021,NA,NA,NA,NA,NA,NA,NA
Kiambu,Gatundu North,SubCounty,109654,31472,3.5,Gatundu North,KE022,KE022112,NA,KEN_22_2201,11450,11605,12231,7516
Kiambu,Gatundu South,SubCounty,121693,35609,3.4,Gatundu South,KE022,KE022111,NA,KEN_22_2202,12150,12462,13283,8229
Kiambu,Githunguri,SubCounty,164939,49426,3.3,Githunguri,KE022,KE022116,NA,KEN_22_2203,16746,16558,17572,10260
Kiambu,Juja,SubCounty,299671,104301,2.9,Juja,KE022,KE022113,NA,KEN_22_2204,36192,30665,27135,14801
Kiambu,Kabete,SubCounty,199114,66710,3,Kabete,KE022,KE022119,NA,KEN_22_2205,22954,19190,17879,9869
Kiambu,Kiambaa,SubCounty,235858,80332,2.9,Kiambaa,KE022,KE022118,NA,KEN_22_2206,28443,23076,20677,11004
Kiambu,Kiambu,SubCounty,144241,47275,3.1,Kiambu,KE022,KE022117,NA,KEN_22_2207,16643,14228,12706,6866
Kiambu,Kikuyu,SubCounty,186093,60686,3.1,Kikuyu,KE022,KE022120,NA,KEN_22_2208,21387,18643,17105,9450
Kiambu,Lari,SubCounty,134651,38592,3.5,Lari,KE022,KE022122,NA,KEN_22_2209,14869,14741,15772,9432
Kiambu,Limuru,SubCounty,157873,49174,3.2,Limuru,KE022,KE022121,NA,KEN_22_2210,17832,16756,17069,9594
Kiambu,Ruiru,SubCounty,369618,129470,2.9,Ruiru,KE022,KE022115,NA,KEN_22_2211,45825,36522,31349,16617
Kiambu,Thika East,SubCounty,38573,12736,3,Thika East,KE022,NA,NA,KEN_22_2212,4355,4145,4262,2485
Kiambu,Thika West,SubCounty,240856,89458,2.7,Thika West,KE022,NA,NA,KEN_22_2213,29295,23209,20290,10944
Turkana,Kibish,SubCounty,36401,5805,6.3,Kibish,KE023,KE023123,Lodwar,KEN_23_2301,5532,6315,5786,3091
Turkana,Loima,SubCounty,106625,19438,5.5,Loima,KE023,KE023126,Lodwar,KEN_23_2302,15967,18128,16387,8186
Turkana,Turkana Central,SubCounty,183121,38173,4.8,Turkana Central,KE023,KE023125,Lodwar,KEN_23_2303,30093,28183,26034,13952
Turkana,Turkana East,SubCounty,138265,17981,7.7,Turkana East,KE023,KE023128,Lodwar,KEN_23_2304,14692,20256,24084,13654
Turkana,Turkana North,SubCounty,65125,13119,5,Turkana North,KE023,KE023123,Lodwar,KEN_23_2305,10653,11247,9801,4570
Turkana,Turkana South,SubCounty,153350,24552,6.2,Turkana South,KE023,KE023127,Lodwar,KEN_23_2306,20787,24153,24714,13602
Turkana,Turkana West,SubCounty,239323,45451,5.3,Turkana West,KE023,KE023124,Lodwar,KEN_23_2307,33705,36843,35452,19625
West Pokot,Kipkomo,SubCounty,102311,18370,5.6,Kipkomo,KE024,KE024129,Lodwar,KEN_24_2401,18600,17523,15928,7798
West Pokot,Pokot Central,SubCounty,118721,21850,5.4,Pokot Central,KE024,KE024130,Lodwar,KEN_24_2402,22200,21330,18305,8092
West Pokot,Pokot North,SubCounty,134012,25804,5.2,Pokot North,KE024,KE024131,Lodwar,KEN_24_2403,27198,25693,20715,8573
West Pokot,Pokot South,SubCounty,80590,13817,5.8,Pokot South,KE024,KE024132,Lodwar,KEN_24_2404,14296,13940,13091,6514
West Pokot,West Pokot,SubCounty,183233,36341,5,West Pokot,KE024,NA,Lodwar,KEN_24_2405,31696,29837,27135,13393
Samburu,Samburu Central,SubCounty,163942,34202,4.8,Samburu Central,KE025,KE025133,Lodwar,KEN_25_2501,26163,27815,25872,13059
Samburu,Samburu East,SubCounty,77136,18424,4.2,Samburu East,KE025,KE025135,Lodwar,KEN_25_2502,13073,12954,11699,5077
Samburu,Samburu North,SubCounty,66879,13284,5,Samburu North,KE025,KE025134,Lodwar,KEN_25_2503,11445,12194,10772,5115
Trans Nzoia,Trans Nzoia West,SubCounty,199644,47603,4.2,Trans Nzoia West,KE026,KE026137,NA,KEN_26_2601,27020,28896,28933,15906
Trans Nzoia,Trans Nzoia East,SubCounty,229117,50017,4.6,Trans Nzoia East,KE026,KE026140,NA,KEN_26_2602,29271,32677,35528,19492
Trans Nzoia,Kwanza,SubCounty,203586,45752,4.4,Kwanza,KE026,KE026136,NA,KEN_26_2603,26903,30236,31455,16667
Trans Nzoia,Endebess,SubCounty,111681,23705,4.7,Endebess,KE026,KE026137,NA,KEN_26_2604,16062,17881,17749,9334
Trans Nzoia,Kiminini,SubCounty,241305,56731,4.3,Kiminini,KE026,KE026139,NA,KEN_26_2605,30302,33232,35683,20055
Uasin Gishu,Ainabkoi,SubCounty,137117,34892,3.9,Ainabkoi,KE027,KE027144,NA,KEN_27_2701,16374,16530,17497,9967
Uasin Gishu,Kapseret,SubCounty,196883,59746,3.3,Kapseret,KE027,KE027145,NA,KEN_27_2702,23275,22009,22051,12264
Uasin Gishu,Kesses,SubCounty,148228,34653,4.3,Kesses,KE027,KE027146,NA,KEN_27_2703,17840,19122,20631,11800
Uasin Gishu,Moiben,SubCounty,178105,46729,3.8,Moiben,KE027,KE027143,NA,KEN_27_2704,21870,20560,21468,12683
Uasin Gishu,Soy,SubCounty,228219,53784,4.2,Soy,KE027,KE027141,NA,KEN_27_2705,28544,29949,32185,18047
Uasin Gishu,Turbo,SubCounty,264119,75139,3.5,Turbo,KE027,KE027142,NA,KEN_27_2706,32320,32382,33028,18139
Elgeyo-Marakwet,Keiyo North,SubCounty,98683,21947,4.5,Keiyo North,KE028,KE028149,NA,KEN_28_2801,12611,13039,12847,7389
Elgeyo-Marakwet,Keiyo South,SubCounty,120643,27029,4.5,Keiyo South,KE028,KE028150,NA,KEN_28_2802,14689,15555,16932,9897
Elgeyo-Marakwet,Marakwet East,SubCounty,96897,21362,4.5,Marakwet East,KE028,KE028147,NA,KEN_28_2803,14454,16057,15463,7248
Elgeyo-Marakwet,Marakwet West,SubCounty,137180,29523,4.6,Marakwet West,KE028,KE028148,NA,KEN_28_2804,19178,20050,20299,11127
Nandi,Chesumei,SubCounty,163564,39051,4.2,Chesumei,KE029,KE029154,NA,KEN_29_2901,19150,19758,21863,12474
Nandi,Nandi Central,SubCounty,146634,34400,4.3,Nandi Central,KE029,NA,NA,KEN_29_2902,17261,18498,20529,11397
Nandi,Nandi East,SubCounty,118997,29253,4.1,Nandi East,KE029,NA,NA,KEN_29_2903,14369,15466,16608,8931
Nandi,Nandi North,SubCounty,166023,35297,4.7,Nandi North,KE029,NA,NA,KEN_29_2904,20031,22706,24244,13578
Nandi,Nandi South,SubCounty,172672,37094,4.7,Nandi South,KE029,NA,NA,KEN_29_2905,20262,22991,25277,14021
Nandi,Tinderet,SubCounty,115744,24331,4.8,Tinderet,KE029,KE029151,NA,KEN_29_2906,14897,16715,17592,9435
Baringo,Baringo Central,SubCounty,96195,23555,4.1,Baringo Central,KE030,KE030159,Lodwar,KEN_30_3001,12356,12401,13459,7707
Baringo,Baringo North,SubCounty,104654,23500,4.5,Baringo North,KE030,KE030158,Lodwar,KEN_30_3002,14426,15346,16445,8230
Baringo,East Pokot,SubCounty,79770,14498,5.5,East Pokot,KE030,KE030157,Lodwar,KEN_30_3003,12583,14854,13852,6284
Baringo,Koibatek,SubCounty,128874,30774,4.2,Koibatek,KE030,KE030162,Lodwar,KEN_30_3004,16221,16467,17587,10122
Baringo,Marigat,SubCounty,89210,19854,4.5,Marigat,KE030,KE030160,Lodwar,KEN_30_3005,14767,14434,14112,6905
Baringo,Mogotio,SubCounty,90911,18184,5,Mogotio,KE030,KE030161,Lodwar,KEN_30_3006,12767,12894,13101,7355
Baringo,Tiaty East,SubCounty,73146,12153,6,Tiaty East,KE030,KE030157,Lodwar,KEN_30_3007,11911,13159,13036,6224
Laikipia,Laikipia Central,SubCounty,95281,30372,3.1,Laikipia Central,KE031,NA,NA,KEN_31_3101,10347,10669,11013,6380
Laikipia,Laikipia East,SubCounty,100874,33505,3,Laikipia East,KE031,KE031164,NA,KEN_31_3102,12251,11351,11313,6450
Laikipia,Laikipia North,SubCounty,35870,7752,4.6,Laikipia North,KE031,KE031165,NA,KEN_31_3103,6497,6178,5627,2648
Laikipia,Laikipia West,SubCounty,128693,33025,3.9,Laikipia West,KE031,KE031163,NA,KEN_31_3104,18515,17871,17935,9497
Laikipia,Nyahururu,SubCounty,153161,44617,3.4,Nyahururu,KE031,NA,NA,KEN_31_3105,17931,18175,19409,11429
Nakuru,Gilgil,SubCounty,182862,58920,3.1,Gilgil,KE032,KE032169,NA,KEN_32_3201,22304,22452,22948,12695
Nakuru,Kuresoi North,SubCounty,174898,40359,4.3,Kuresoi North,KE032,KE032171,NA,KEN_32_3202,24025,26226,27035,13959
Nakuru,Kuresoi South,SubCounty,154998,34627,4.5,Kuresoi South,KE032,KE032170,NA,KEN_32_3203,21690,23351,23927,11877
Nakuru,Molo,SubCounty,156279,41462,3.8,Molo,KE032,KE032166,NA,KEN_32_3204,19809,20408,21753,12218
Nakuru,Naivasha,SubCounty,349067,117633,3,Naivasha,KE032,KE032168,NA,KEN_32_3205,43696,40026,39958,20830
Nakuru,Nakuru East,SubCounty,190161,61398,3.1,Nakuru East,KE032,NA,NA,KEN_32_3206,23240,20191,20209,11822
Nakuru,Nakuru North,SubCounty,217425,61728,3.5,Nakuru North,KE032,NA,NA,KEN_32_3207,27131,25576,26020,15236
Nakuru,Nakuru West,SubCounty,194723,64481,3,Nakuru West,KE032,NA,NA,KEN_32_3208,25159,21511,20535,11153
Nakuru,Njoro,SubCounty,238233,61271,3.9,Njoro,KE032,KE032167,NA,KEN_32_3209,31130,32560,34360,18239
Nakuru,Rongai,SubCounty,199004,52348,3.8,Rongai,KE032,KE032173,NA,KEN_32_3210,24953,24671,25561,14337
Nakuru,Subukia,SubCounty,85017,21819,3.9,Subukia,KE032,KE032172,NA,KEN_32_3211,10194,10522,12184,7088
Narok,Narok East,SubCounty,115091,25078,4.6,Narok East,KE033,KE033180,Kisumu,KEN_33_3301,18488,20186,18023,8105
Narok,Narok North,SubCounty,250105,59996,4.2,Narok North,KE033,KE033179,Kisumu,KEN_33_3302,39391,38849,35556,16602
Narok,Narok South,SubCounty,238301,46723,5.1,Narok South,KE033,KE033181,Kisumu,KEN_33_3303,41307,43330,37638,16539
Narok,Narok West,SubCounty,190237,38658,4.9,Narok West,KE033,KE033182,Kisumu,KEN_33_3304,33540,35922,29896,12695
Narok,Trans Mara East,SubCounty,111119,20506,5.4,Transmara East,KE033,KE033178,Kisumu,KEN_33_3305,16110,19666,19387,9102
Narok,Trans Mara West,SubCounty,244494,50132,4.9,Transmara West,KE033,KE033177,Kisumu,KEN_33_3306,39060,41084,38917,18131
Narok,Mau Forest*,SubCounty,32,32,1,Mau Forest,KE033,NA,Kisumu,NA,NA,NA,NA,NA
Kajiado,Isinya,SubCounty,207715,71579,2.9,Isinya,KE034,KE034183,Nairobi,KEN_34_3401,26686,21481,17629,8715
Kajiado,Kajiado Central,SubCounty,159520,37238,4.3,Kajiado Central,KE034,KE034184,Nairobi,KEN_34_3402,25917,26454,22950,10141
Kajiado,Kajiado North,SubCounty,304404,101378,3,Kajiado North,KE034,KE034183,Nairobi,KEN_34_3403,35806,31284,28217,15030
Kajiado,Kajiado West,SubCounty,181622,42774,4.2,Kajiado West,KE034,KE034185,Nairobi,KEN_34_3404,29534,28560,24640,11336
Kajiado,Loitokitok,SubCounty,190174,47058,4,Loitokitok,KE034,KE034187,Nairobi,KEN_34_3405,29703,29663,27897,12921
Kajiado,Mashuuru,SubCounty,63861,16152,4,Mashuuru,KE034,KE034186,Nairobi,KEN_34_3406,8682,8153,8299,4451
Kericho,Belgut,SubCounty,144882,35012,4.1,Belgut,KE035,KE035192,NA,KEN_35_3501,15701,17457,20083,11152
Kericho,Bureti,SubCounty,198781,43117,4.6,Bureti,KE035,NA,NA,KEN_35_3502,23746,25968,28117,15765
Kericho,Kericho East,SubCounty,167898,44246,3.8,Kericho East,KE035,NA,NA,KEN_35_3503,19435,20230,21257,11596
Kericho,Kipkelion,SubCounty,122380,24688,5,Kipkelion,KE035,NA,NA,KEN_35_3504,17516,18483,18444,9399
Kericho,Londiani,SubCounty,137013,31778,4.3,Londiani,KE035,NA,NA,KEN_35_3505,17842,18750,19652,10690
Kericho,Soin Sigowet,SubCounty,125909,27195,4.6,Soin Sigowet,KE035,NA,NA,KEN_35_3506,15318,17337,19464,9942
Bomet,Bomet East,SubCounty,143816,29958,4.8,Bomet East,KE036,KE036196,NA,KEN_36_3601,19479,20899,21903,11660
Bomet,Chepalungu,SubCounty,164710,33931,4.9,Chepalungu,KE036,KE036195,NA,KEN_36_3602,21740,24736,26441,14300
Bomet,Konoin,SubCounty,163359,38178,4.3,Konoin,KE036,KE036198,NA,KEN_36_3603,19778,22144,23466,12842
Bomet,Sotik,SubCounty,227380,47315,4.8,Sotik,KE036,KE036194,NA,KEN_36_3604,28366,31741,35100,19019
Bomet,Bomet Central,SubCounty,173758,38259,4.5,Bomet Central,KE036,KE036197,NA,KEN_36_3605,21613,22940,24438,13588
Kakamega,Butere,SubCounty,153926,36243,4.2,Butere,KE037,KE037207,NA,KEN_37_3701,18509,22413,24553,12949
Kakamega,Kakamega Central,SubCounty,185625,52015,3.6,Kakamega Central,KE037,NA,NA,KEN_37_3702,21257,22646,23941,13318
Kakamega,Kakamega East,SubCounty,166288,39589,4.2,Kakamega East,KE037,NA,NA,KEN_37_3703,19080,22950,25333,14019
Kakamega,Kakamega North,SubCounty,238093,51083,4.7,Kakamega North,KE037,NA,NA,KEN_37_3704,29800,35494,38017,19998
Kakamega,Kakamega South,SubCounty,111608,26964,4.1,Kakamega South,KE037,NA,NA,KEN_37_3705,12578,15334,16819,9328
Kakamega,Khwisero,SubCounty,113294,27681,4.1,Khwisero,KE037,KE037208,NA,KEN_37_3706,12974,16168,17806,9512
Kakamega,Likuyani,SubCounty,151773,35322,4.3,Likuyani,KE037,KE037200,NA,KEN_37_3707,18286,21473,23878,12874
Kakamega,Lugari,SubCounty,122584,27862,4.4,Lugari,KE037,KE037199,NA,KEN_37_3708,14892,17328,19045,10455
Kakamega,Matete,SubCounty,66155,13956,4.7,Matete,KE037,NA,NA,KEN_37_3709,8412,10250,10786,6000
Kakamega,Matungu,SubCounty,166755,36457,4.6,Matungu,KE037,KE037206,NA,KEN_37_3710,21697,26047,28337,14724
Kakamega,Mumias East,SubCounty,116712,26049,4.5,Mumias East,KE037,KE037205,NA,KEN_37_3711,14469,17418,19188,10105
Kakamega,Mumias West,SubCounty,114601,27671,4.1,Mumias West,KE037,KE037204,NA,KEN_37_3712,14252,16613,18294,9772
Kakamega,Navakholo,SubCounty,153918,32315,4.8,Navakholo,KE037,KE037203,NA,KEN_37_3713,19713,24651,25980,13631
Vihiga,Emuhaya,SubCounty,97035,23804,4.1,Emuhaya,KE038,KE038215,NA,KEN_38_3801,10917,13438,14980,7908
Vihiga,Vihiga,SubCounty,94509,23375,4,Vihiga,KE038,KE038211,NA,KEN_38_3802,10177,12317,13655,7737
Vihiga,Sabatia,SubCounty,130851,31422,4.2,Sabatia,KE038,KE038212,NA,KEN_38_3803,14092,17076,19166,10844
Vihiga,Luanda,SubCounty,105707,26766,3.9,Luanda,KE038,KE038214,NA,KEN_38_3804,11944,14015,15945,8377
Vihiga,Hamisi,SubCounty,159070,37986,4.2,Hamisi,KE038,KE038213,NA,KEN_38_3805,17507,21278,23913,13552
Vihiga,Kakamega Forest*,SubCounty,17,12,1.4,Kakamega Forest,KE038,NA,NA,NA,NA,NA,NA,NA
Bungoma,Bumula,SubCounty,215546,44954,4.8,Bumula,KE039,KE039219,Kisumu,KEN_39_3901,28295,34165,35973,19317
Bungoma,Bungoma Central,SubCounty,177175,37803,4.7,Bungoma Central,KE039,KE039218,Kisumu,KEN_39_3902,23159,26658,28281,15411
Bungoma,Bungoma East,SubCounty,114242,24873,4.6,Bungoma East,KE039,KE039221,Kisumu,KEN_39_3903,14227,16875,18494,10111
Bungoma,Bungoma North,SubCounty,120871,24998,4.8,Bungoma North,KE039,KE039224,Kisumu,KEN_39_3904,15715,17869,20048,11040
Bungoma,Bungoma South,SubCounty,284662,69151,4.1,Bungoma South,KE039,KE039220,Kisumu,KEN_39_3905,36630,39436,41180,22548
Bungoma,Cheptais,SubCounty,135864,26326,5.2,Cheptais,KE039,KE039216,Kisumu,KEN_39_3906,20577,23673,22668,11212
Bungoma,Kimilili-Bungoma,SubCounty,161628,35263,4.6,Kimilili-Bungoma,KE039,KE039223,Kisumu,KEN_39_3907,20669,24334,26037,14092
Bungoma,Mt Elgon,SubCounty,78782,15276,5.2,Mt. Elgon,KE039,KE039216,Kisumu,KEN_39_3912,10854,12623,12929,6981
Bungoma,Mt Elgon,SubCounty,78782,15276,5.2,Mt. Elgon,KE039,KE039216,Kisumu,KEN_39_3912,648,581,541,251
Bungoma,Bungoma West,SubCounty,119585,25172,4.8,Bungoma West,KE039,KE039217,Kisumu,KEN_39_3909,15852,19191,19740,10167
Bungoma,Tongaren,SubCounty,100268,21343,4.7,Tongaren,KE039,KE039224,Kisumu,KEN_39_3910,12960,14987,16372,8730
Bungoma,Webuye West,SubCounty,151654,32839,4.6,Webuye West,KE039,KE039222,Kisumu,KEN_39_3911,19588,22916,24691,13203
Bungoma,Mt Elgon Forest*,SubCounty,3621,798,4.5,Mt. Elgon Forest,KE039,NA,Kisumu,NA,NA,NA,NA,NA
Busia,Bunyala,SubCounty,85645,19039,4.5,Bunyala,KE040,NA,NA,KEN_40_4001,10412,12290,13180,7016
Busia,Busia,SubCounty,138274,33160,4.2,Busia,KE040,NA,NA,KEN_40_4002,17722,19105,20656,11408
Busia,Butula,SubCounty,140051,32213,4.3,Butula,KE040,KE040229,NA,KEN_40_4003,17764,20485,22970,12668
Busia,Nambale,SubCounty,111543,23892,4.7,Nambale,KE040,KE040227,NA,KEN_40_4004,14235,16565,18162,10030
Busia,Samia,SubCounty,107004,23884,4.5,Samia,KE040,NA,NA,KEN_40_4005,13601,14893,16541,9260
Busia,Teso North,SubCounty,136804,29395,4.7,Teso North,KE040,KE040225,NA,KEN_40_4006,17824,19991,21182,11530
Busia,Teso South,SubCounty,167535,36569,4.6,Teso South,KE040,KE040226,NA,KEN_40_4007,21746,23954,26243,14304
Siaya,Siaya,SubCounty,223182,57553,3.9,Siaya,KE041,NA,NA,KEN_41_4101,27444,31426,33462,16936
Siaya,Gem,SubCounty,179570,44884,4,Gem,KE041,KE041235,NA,KEN_41_4102,21915,24760,27945,14062
Siaya,Ugenya,SubCounty,134166,33565,4,Ugenya,KE041,KE041232,NA,KEN_41_4103,15792,19136,21107,11192
Siaya,Ugunja,SubCounty,103892,26328,3.9,Ugunja,KE041,KE041233,NA,KEN_41_4104,12210,14515,16224,8395
Siaya,Bondo,SubCounty,196835,51362,3.8,Bondo,KE041,KE041236,NA,KEN_41_4105,25625,26886,28844,14245
Siaya,Rarieda,SubCounty,152063,37006,4.1,Rarieda,KE041,KE041237,NA,KEN_41_4106,18672,21113,23566,12033
Kisumu,Kisumu East,SubCounty,219996,61871,3.6,Kisumu East,KE042,KE042238,NA,KEN_42_4201,28926,26706,27796,14314
Kisumu,Kisumu Central,SubCounty,170592,52331,3.3,Kisumu Central,KE042,KE042240,NA,KEN_42_4202,20486,18482,19522,10903
Kisumu,Kisumu West,SubCounty,169806,45933,3.7,Kisumu West,KE042,KE042239,NA,KEN_42_4203,20362,21348,23978,12362
Kisumu,Seme,SubCounty,121461,29404,4.1,Seme,KE042,KE042241,NA,KEN_42_4204,14997,16967,19338,9925
Kisumu,Muhoroni,SubCounty,151799,37193,4.1,Muhoroni,KE042,KE042243,NA,KEN_42_4205,18724,21217,24123,11976
Kisumu,Nyando,SubCounty,160804,38460,4.2,Nyando,KE042,KE042242,NA,KEN_42_4206,19377,21910,25539,13277
Kisumu,Nyakach,SubCounty,150319,35553,4.2,Nyakach,KE042,KE042244,NA,KEN_42_4207,18198,21035,24227,12661
Homa Bay,Homa Bay,SubCounty,116034,29318,4,Homa Bay,KE043,KE043249,NA,KEN_43_4301,15932,16023,17167,8984
Homa Bay,Ndhiwa,SubCounty,217549,48062,4.5,Ndhiwa,KE043,KE043250,NA,KEN_43_4302,33591,34638,35552,17027
Homa Bay,Rachuonyo North,SubCounty,178036,41809,4.3,Rachuonyo North,KE043,NA,NA,KEN_43_4303,22901,25309,28305,14521
Homa Bay,Rachuonyo East,SubCounty,121233,27319,4.4,Rachuonyo East,KE043,NA,NA,KEN_43_4304,15725,17908,21048,10536
Homa Bay,Rachuonyo South,SubCounty,130212,30990,4.2,Rachuonyo South,KE043,NA,NA,KEN_43_4305,17257,18642,21092,10663
Homa Bay,Rangwe,SubCounty,117128,27003,4.3,Rangwe,KE043,KE043248,NA,KEN_43_4306,15824,17930,19856,9626
Homa Bay,Suba North,SubCounty,123892,29766,4.2,Suba North,KE043,KE043251,NA,KEN_43_4307,16740,17913,19063,9602
Homa Bay,Suba South,SubCounty,121739,27769,4.4,Suba South,KE043,KE043252,NA,KEN_43_4308,17724,18598,19251,9418
Migori,Awendo,SubCounty,116268,27033,4.3,Awendo,KE044,KE044254,NA,KEN_44_4401,15933,17478,19161,9238
Migori,Kuria East,SubCounty,96455,17363,5.6,Kuria East,KE044,KE044260,NA,KEN_44_4402,14985,16409,16757,7651
Migori,Kuria West,SubCounty,207528,39781,5.2,Kuria West,KE044,KE044259,NA,KEN_44_4403,30860,33520,33841,16190
Migori,Nyatike,SubCounty,175180,40257,4.4,Nyatike,KE044,KE044258,NA,KEN_44_4404,26435,26574,27716,13475
Migori,Rongo,SubCounty,123984,29087,4.3,Rongo,KE044,KE044253,NA,KEN_44_4405,16709,18034,19704,9675
Migori,Suna East,SubCounty,121365,27302,4.4,Suna East,KE044,KE044255,NA,KEN_44_4406,16933,18141,19013,9622
Migori,Suna West,SubCounty,127113,29251,4.3,Suna West,KE044,KE044256,NA,KEN_44_4407,19527,19091,19887,9718
Migori,Uriri,SubCounty,141057,30094,4.7,Uriri,KE044,KE044257,NA,KEN_44_4408,20044,22475,23551,11165
Kisii,Etago,SubCounty,83661,18610,4.5,Etago,KE045,NA,NA,KEN_45_4501,10171,13269,14398,6463
Kisii,Gucha,SubCounty,83098,19657,4.2,Gucha,KE045,NA,NA,KEN_45_4502,9493,11756,13769,6706
Kisii,Gucha South,SubCounty,83209,19732,4.2,Gucha South,KE045,NA,NA,KEN_45_4503,9365,11697,13742,6572
Kisii,Kenyenya,SubCounty,131325,30989,4.2,Kenyenya,KE045,NA,NA,KEN_45_4504,15105,18636,21258,10588
Kisii,Kisii Central,SubCounty,163782,44311,3.7,Kisii Central,KE045,NA,NA,KEN_45_4505,18525,19770,22309,11956
Kisii,Kisii South,SubCounty,134940,31696,4.3,Kisii South,KE045,NA,NA,KEN_45_4506,15481,18630,20882,10854
Kisii,Kitutu Central,SubCounty,153686,41271,3.7,Kitutu Central,KE045,NA,NA,KEN_45_4507,17943,19262,21018,10863
Kisii,Marani,SubCounty,107230,26186,4.1,Marani,KE045,NA,NA,KEN_45_4508,12087,14674,17152,8566
Kisii,Masaba South,SubCounty,122149,29232,4.2,Masaba South,KE045,NA,NA,KEN_45_4509,13379,16669,18954,9594
Kisii,Nyamache,SubCounty,130666,30712,4.3,Nyamache,KE045,NA,NA,KEN_45_4510,14561,18597,21130,10143
Kisii,Sameta,SubCounty,66763,15658,4.3,Sameta,KE045,NA,NA,KEN_45_4511,7397,8990,10774,5416
Nyamira,Borabu,SubCounty,72797,19468,3.7,Borabu,KE046,KE046273,NA,KEN_46_4601,7209,9119,10911,5615
Nyamira,Manga,SubCounty,94056,23869,3.9,Manga,KE046,NA,NA,KEN_46_4602,9866,11786,14331,7225
Nyamira,Masaba North,SubCounty,110914,27913,4,Masaba North,KE046,NA,NA,KEN_46_4603,11635,14241,17107,8851
Nyamira,Nyamira North,SubCounty,166959,40446,4.1,Nyamira North,KE046,NA,NA,KEN_46_4604,18113,22816,26972,12956
Nyamira,Nyamira South,SubCounty,158325,38973,4.1,Nyamira South,KE046,NA,NA,KEN_46_4605,17631,20795,24172,12171
Nairobi,Dagoretti,SubCounty,432331,155089,2.8,Dagoretti,KE047,KE047276,Nairobi,KEN_47_4701,53989,43556,38258,19977
Nairobi,Embakasi,SubCounty,983232,347955,2.8,Embakasi,KE047,NA,Nairobi,KEN_47_4702,125958,98534,80440,40796
Nairobi,Kamukunji,SubCounty,263462,84365,3.1,Kamukunji,KE047,KE047288,Nairobi,KEN_47_4703,33987,27786,24049,14382
Nairobi,Kasarani,SubCounty,772586,271290,2.8,Kasarani,KE047,KE047280,Nairobi,KEN_47_4704,97672,77631,66953,35229
Nairobi,Kibra,SubCounty,181509,61690,2.9,Kibra,KE047,KE047278,Nairobi,KEN_47_4705,20151,18497,18977,10199
Nairobi,Lang'ata,SubCounty,191207,62239,3.1,Lang'ata,KE047,KE047277,Nairobi,KEN_47_4706,17915,17180,16123,9361
Nairobi,Makadara,SubCounty,188792,70361,2.7,Makadara,KE047,KE047287,Nairobi,KEN_47_4707,20248,16857,15466,8307
Nairobi,Mathare,SubCounty,204469,74967,2.7,Mathare,KE047,KE047290,Nairobi,KEN_47_4708,25357,20869,18498,9804
Nairobi,Njiru,SubCounty,623471,204563,3,Njiru,KE047,KE047280,Nairobi,KEN_47_4709,80678,68808,59996,31745
Nairobi,Starehe,SubCounty,194726,69389,2.8,Starehe,KE047,KE047289,Nairobi,KEN_47_4710,20302,17179,16101,9612
Nairobi,Westlands,SubCounty,301295,104980,2.9,Westlands,KE047,KE047274,Nairobi,KEN_47_4711,28730,25815,23689,12928
